x,y,index
996.4938587580154,658.3412585015685,1
1005.663417074048,647.9417663420599,1
1002.9365947463402,682.0104846327863,1
1006.4090105537097,671.341931423962,1
988.1202907697813,645.07651944832,1
1044.0626408302578,675.9199220162333,1
1009.0843017719022,634.2728307042404,1
990.684649513041,695.7383548348333,1
978.9015193778224,682.9864847286802,1
1037.440317311043,673.1763409739688,1
1011.6758200472732,643.8178249878089,1
985.5109568281721,647.1510623190586,1
985.1352154035977,656.6519470844187,1
1011.905194645407,648.4291284525007,1
1002.1218556043957,640.5254112398555,1
1002.2123968310539,665.9079751804423,1
1024.588425865938,676.9780747313321,1
1010.7815904296643,652.5716009998911,1
994.4780883037882,666.5247833698039,1
1015.4001471095213,672.2903908816148,1
1006.0020505043192,655.0673377454442,1
1023.6636904363344,664.8658267686772,1
989.9823560080895,679.2442706961941,1
1012.20723744574,677.0528159812028,1
996.397819295841,686.3105002616715,1
996.1381975809444,683.3011551760513,1
983.8085775867344,659.4932090410058,1
976.3914446344884,652.3904262561623,1
969.8877161847769,681.2409680429611,1
1002.3082189822991,688.2019883555729,1
1006.32715994712,632.4391361915135,1
985.8996810566747,713.6807384861374,1
975.9789754533135,681.138872930808,1
949.6844741538916,670.8270626996265,1
1008.6997251107283,665.6652050561713,1
990.8740655556528,678.778990894464,1
959.6325121762861,683.5877438906228,1
997.807704649873,709.2968612414716,1
982.4796135752225,689.7378067965353,1
937.5534114392067,690.650064707473,1
950.2505555963462,706.2404367619581,1
976.2630704687,673.67525903044,1
961.5675708293838,697.8264724068716,1
965.9950190404342,701.7456305045536,1
930.8428211311641,706.0965619518155,1
939.445044383533,720.7251577129581,1
952.8278019016662,713.6477752106199,1
952.8553973237969,690.8444478084275,1
937.9030878507566,701.0083829063628,1
933.9475949972656,716.7451612950836,1
936.660229800566,716.3394927065003,1
942.9083557097896,698.7155139263707,1
1808.2035744786021,745.7775107888164,2
1820.3424945874394,759.4496878681495,2
1806.372258184935,777.779640077928,2
1814.7062768440485,782.7051926811445,2
1811.0996352312402,763.0027318999232,2
1791.8446637333334,746.7551172799608,2
1818.4946789949079,776.863409712869,2
1813.9958400042278,766.5508335132613,2
1830.8414662405291,788.9971178520631,2
1851.60476410889,772.0404658397402,2
1826.1939859996985,783.7527726810807,2
1830.4644510160922,770.8811730736074,2
1835.3833523793621,764.6676190091266,2
1838.0802073556742,766.0873429290193,2
1850.1913490126701,785.3632994108615,2
1843.4653489043817,753.8345901934546,2
1876.5380411801098,770.9777993171888,2
1851.6689571359336,801.4352375343202,2
1859.2499984797394,780.0773555177273,2
1865.843742477071,795.6116043944156,2
1838.1999955103195,830.1785283129251,2
1867.9783395740737,789.0967856185464,2
1888.3357301423794,789.1973157526622,2
1854.2693044978182,785.3821645455581,2
1890.415747962227,781.9146368230371,2
1899.342852718823,777.7786321015309,2
1862.5978664808354,781.5632650037636,2
1881.8774665341004,769.0158329855999,2
1865.0328230792697,792.2202924932743,2
1862.1251010037956,800.6675361538299,2
1860.9964497116666,796.9611522982078,2
1902.6599735714708,752.8893677895859,2
1883.5672689376638,799.557774467184,2
1906.2390230994824,751.1117221188185,2
1888.1636222485217,770.3920641768648,2
1905.5819261422885,779.2162489159584,2
1899.1803083863072,748.5661391911722,2
1891.840474934564,771.3035985782942,2
809.0604355949968,1710.3354524088338,3
786.7167063376196,1717.2378849218603,3
819.1903275821987,1707.8921488541005,3
814.2865715132751,1713.005186499333,3
783.752430799766,1714.328779006537,3
779.9861003058597,1726.3381854431707,3
831.7289141179978,1744.4081559356364,3
811.0472571329449,1721.4786127741488,3
820.215148313751,1746.815031091098,3
821.7100594091633,1728.3272255142667,3
772.0343834424858,1728.2790742135885,3
801.1186844044167,1723.6902339901274,3
801.1927613099413,1714.6114696699758,3
778.4069406678364,1719.110354336379,3
774.5921190405741,1698.1075379798017,3
806.1458014970314,1715.0842459996175,3
766.8773732956473,1720.2297875695672,3
763.3465137231185,1714.3147913935352,3
770.8099535979005,1705.1101559420474,3
755.0920916416482,1703.145733307336,3
805.1609886558462,1680.8962829729674,3
777.3144476960772,1690.726293951851,3
770.5221960975705,1694.5602652303737,3
804.3367663225732,1689.9523314822034,3
764.147803304394,1683.473404304986,3
816.8482623810369,1659.9726609390004,3
780.1307020285798,1672.8653064810076,3
799.1973794123409,1692.503863783229,3
789.1274081411245,1655.6666352585614,3
801.9555112490657,1677.283427279472,3
789.2994006547946,1672.2174147444473,3
784.0927399946582,1603.9485127752982,3
791.6735143153436,1664.7736133257508,3
775.9049065895459,1642.7792191501337,3
799.0274547899825,1664.3362527115255,3
799.4451565937129,1638.712878077767,3
790.6041204388575,1628.0060204050562,3
792.0089615741354,1658.6978987110617,3
793.2364746591206,1634.3349678459301,3
1394.207796018831,1122.7235471876477,4
1378.9063768139074,1105.724638954113,4
1403.0628469688565,1092.6191511429724,4
1384.3754835915502,1098.3651071954355,4
1391.1265331596032,1064.0938705416072,4
1410.776849742479,1097.9624144503425,4
1359.2916135961066,1102.748697704865,4
1374.8439424440512,1094.2295852621216,4
1397.9808147831843,1108.5643191317797,4
1371.4426084279494,1114.3456536596123,4
1389.826622482458,1078.3317966514553,4
1432.5974854054834,1081.3320068541718,4
1404.8805084879032,1063.7466826836187,4
1411.2816856022257,1059.684953225416,4
1411.0496164956155,1067.529339496475,4
1430.3367667536565,1046.7046351059296,4
1412.1534669160073,1081.1772068385349,4
1391.2997364275466,1060.062806659708,4
1410.5240459331146,1090.3931058355338,4
1410.5721593983362,1082.1775949923872,4
1386.9066055583048,1086.890245762501,4
1416.1331373353266,1085.6069226829607,4
1422.767600176116,1062.4162302758295,4
1402.8745064081202,1055.5499338168408,4
1407.619067923893,1048.5579688584558,4
1385.162096924037,1046.8525221956065,4
1411.978376832676,1036.7349637468956,4
1400.583669512946,1054.6500788245428,4
1426.7999870858862,1051.9274722719756,4
1410.295244713968,1056.4932794507718,4
1393.574234756861,1039.699519797405,4
1415.0013758405278,1027.4018687748526,4
1410.6110293177503,1037.05065919783,4
1414.0698915427167,1012.0689883396814,4
1392.9654061115511,1016.6695510002991,4
1402.643869060314,1059.3395199079755,4
1409.0531728202457,1013.6399623824034,4
1388.2853303142786,998.1980368053249,4
1411.4292651386781,1032.2182032834864,4
1396.1604288659303,1031.0878389442478,4
1418.5393190061588,997.1900139495481,4
1405.1903224714276,1006.9217397571563,4
1388.9440050824203,1001.7316589040894,4
1439.5933828627171,984.6403680135666,4
1400.6544493783522,1011.5795278446794,4
1416.9072391335544,981.8546031350362,4
1412.778219414729,991.5273607927064,4
927.6531319282113,697.0539723066232,5
912.7936707906804,676.3357824346324,5
941.9588527725147,698.3079444199831,5
914.6429917564644,715.9013349251081,5
900.9707601687317,686.9769748806659,5
919.5787007388923,717.9436875534776,5
878.0167652911175,703.6921452376953,5
894.6372541528968,710.3351202170838,5
917.929911909851,683.1169793482921,5
907.2937738237581,700.1924044133959,5
910.4201659195879,691.6352253981029,5
936.9037783042679,710.5316492543374,5
931.0042456169704,730.5754270107807,5
938.226697140809,716.2026829803774,5
924.211323347463,731.2091388289708,5
932.0949333417843,743.8601525517412,5
919.1953768931463,717.2554941833839,5
909.6586033550603,754.2352443007215,5
937.4237691946811,705.0715909391633,5
902.1153233028788,713.3603755163804,5
913.6505125033316,713.0556577316681,5
916.9792018205933,722.83206610702,5
946.7298589099457,737.3789944004756,5
948.6191718746528,732.5273663131248,5
956.6878341900705,701.9416079127337,5
965.7047869077006,724.3720283264332,5
958.6541306876385,734.7187667548199,5
952.0189980283891,743.8585245492229,5
963.8157718695526,747.216091068895,5
955.8883313275669,731.8891755459629,5
963.5841200053015,719.7165267902215,5
936.4170730438059,746.0618792176678,5
944.5019998625758,766.267295316945,5
940.985844846391,743.2719714730888,5
949.0431855301872,741.8424697560882,5
942.3658454212589,733.9871187804212,5
943.425497479284,768.6782278796904,5
954.151802107022,737.0433947071081,5
970.4065240179067,740.6706934386078,5
969.7837470867058,751.0847071000218,5
985.3081449435532,762.3512925921652,5
956.8865151859001,766.8278003611221,5
958.28170632746,739.6765527661719,5
966.475439671056,752.1319646905091,5
980.336730514383,742.3780320645358,5
977.476381569081,721.3833217684651,5
963.0854298636062,715.3753799945998,5
956.5137465491339,719.1140913378387,5
978.6904617076758,739.4691314445378,5
1008.6036441314734,734.7422918652169,5
986.2201867031176,742.5033375389845,5
982.265733788868,721.7033686829667,5
996.8591352341957,757.9821868145306,5
971.924259036033,737.1512102405977,5
993.5260321885779,725.0290127397263,5
1009.603556386782,728.9440316874973,5
333.38404666748227,1104.8131931712253,6
341.23745364624733,1098.400053519108,6
332.69567869425833,1101.5743565492855,6
357.434427932952,1081.7057094505292,6
343.1429064214912,1082.0139760631325,6
330.4483869023053,1117.1736060637206,6
335.586636136535,1097.8327720550549,6
328.636015061819,1035.4649111072833,6
301.61027613722985,1086.959708350222,6
324.361249856421,1090.7009060529865,6
335.3153472567096,1088.9357836217564,6
334.4596621529282,1062.5151162761717,6
311.4374791732001,1083.2064366764105,6
342.3059633798122,1040.9795892826014,6
308.7667188375503,1076.2487626229433,6
321.48301512039586,1069.1807030343416,6
328.50763230781104,1109.1010538534022,6
351.279149797158,1063.2530094942515,6
304.81801752198186,1075.058864443966,6
331.17166245219505,1065.6026495426515,6
284.48514622022225,1076.792896090089,6
294.10257876448645,1058.838706458259,6
281.0422503924078,1059.7078946533845,6
299.8355824297437,1042.4456043330306,6
287.7671918100954,1062.4884305466521,6
312.25136298045754,1067.9623776088258,6
280.6675238829599,1076.0439086157844,6
287.77588128988987,1066.653166205699,6
310.36879985360645,1066.6213107298233,6
302.22238162230906,1074.7681408496426,6
285.49390548171493,1077.305949897879,6
290.82480636699455,1058.357210221028,6
294.9944765321326,1069.6914397574506,6
308.84737843565694,1089.4692921057172,6
309.57545290179206,1073.9379182504279,6
291.1805979063252,1045.1100808133974,6
316.32251426933516,1055.7017955762847,6
315.3554628180996,1084.3117923420784,6
305.4619303970547,1050.287660262242,6
280.3594602304607,1072.6547404946116,6
257.36858527371163,1034.457042957458,6
264.33772311946177,1069.1082301348474,6
250.4778308461577,1066.1767848937939,6
283.5543918418107,1063.0722886426604,6
285.0925458568315,1048.8385619902908,6
269.2776457983755,1059.631348680979,6
282.8320203516286,1063.2001815556157,6
283.329750618944,1024.2289325099487,6
257.57948171310505,1048.0558884497734,6
259.0188809362339,1036.4102734986468,6
277.4891806858769,1048.0679628828914,6
238.39868215960217,1010.8785015660652,6
252.01567487912678,1045.3227178462284,6
624.4329832770293,527.9226690361234,7
651.2631921759961,509.8373322150476,7
638.1314156599311,533.6768046630283,7
662.7935757839682,526.6008586877422,7
647.0688246386788,526.3647741489619,7
618.7207365232252,550.1480148502133,7
650.9763013999326,520.1411729413054,7
669.7516449774641,511.51114493594235,7
668.6185720037886,524.9730239365293,7
645.048573817256,537.0449885222076,7
628.0288235537091,512.8409051497589,7
659.750630594858,497.9697302333413,7
659.1767912037268,492.76201919451097,7
689.3666283201891,504.5429030867452,7
671.1126327735979,476.915109964071,7
685.0112842386228,486.62626064280624,7
693.6152373347035,481.50647777545873,7
673.1138402971989,492.3734580318104,7
671.9723544459521,478.1298184725362,7
683.0173693155002,491.8810343686761,7
682.1872440491553,481.5418083382843,7
687.8522308689406,490.7629370137575,7
741.8990368387578,473.52246085092435,7
705.3444404784085,503.4214806532454,7
697.6227000865142,503.70016592105003,7
683.2494164145228,501.33288147099955,7
726.0747256028544,513.2650397814808,7
738.6384630266938,497.82926566363136,7
710.384126547059,525.6973113525803,7
713.0976231642356,502.0424229442975,7
743.6208468373452,502.34215187750203,7
729.88197999503,486.67114127676587,7
731.0260586388197,484.61787235201837,7
757.8084559038402,478.57299127188526,7
744.2452679442098,515.1197500697041,7
727.4226408854589,487.6218485105924,7
726.4858989663759,481.1502695249001,7
711.4988704900395,455.2960072972505,7
740.5543885287426,482.88115913992897,7
733.0781367863652,482.8942795346328,7
714.448226750454,498.696960733041,7
717.232615288802,502.82927787653546,7
954.622671673454,1050.0537577087557,8
1009.3100106157651,1062.0351165786674,8
971.7363048366299,1069.7958005691817,8
980.2038495759057,1086.691319260149,8
968.2614570294932,1079.546136666147,8
968.5526412070797,1066.4234513677159,8
945.1280303800839,1059.4651147486911,8
972.4803417970778,1083.9734803116723,8
969.3321648988092,1062.5124146662847,8
962.7052200747509,1049.4272948275739,8
955.6732135791244,1056.8188672503156,8
959.174924871765,1063.0519245414891,8
930.8107715854788,1045.7221656158476,8
939.999858852891,1028.5614432841146,8
955.6488053367577,1089.3629559236133,8
981.599802708628,1056.483030587237,8
953.8828553513039,1050.21323094584,8
924.3928009928467,1033.4040302135045,8
917.6189479745166,1045.9859751246706,8
940.1877774150782,1060.3982833933912,8
916.2781829018447,1050.4605847733146,8
950.6739610064061,1051.651007229648,8
924.700393118973,1015.1161250783379,8
935.586951380101,1049.5252207380374,8
935.5075877146417,1038.3488126876061,8
933.6006335934428,1050.9318575941115,8
932.3786534406634,1060.2943706615513,8
933.1991053434407,1032.9023837318255,8
939.4202667659498,1043.2873300938961,8
916.1972297878505,1042.87794734047,8
939.3287356072127,1032.2466235274699,8
933.7128358214677,1033.066549307417,8
927.0365311186206,1055.1602916855945,8
917.8357294192151,1056.192175181565,8
911.1430904926701,1037.4595871426984,8
952.173746854705,1045.4236882374037,8
916.0306538451317,1046.903647961791,8
934.6915780209197,1046.2128157651666,8
910.1222686665147,1041.9467503128158,8
901.5114915331802,1044.9607821155132,8
883.260162647312,990.4367784566056,8
892.6901059770092,1020.4436905670051,8
934.3932668582958,1022.2717364806347,8
907.6168045135175,1050.273180114069,8
912.4915182879199,1002.2209342053545,8
905.079472744981,1032.6057718941831,8
907.1100424160136,1028.5609034891572,8
897.6214279024782,1029.1049178702988,8
899.392911682079,1042.635414326568,8
921.7477078403455,1022.4250168963193,8
898.2724375804706,1009.825648879698,8
885.8205810684279,1000.2037889980187,8
884.3414850411651,995.0002716968831,8
889.2104060404887,1001.367487772466,8
914.3183611245726,1022.6059060842098,8
861.2362841839215,1036.7509324838104,8
886.6036095264349,978.1454689587487,8
862.3215702554195,1031.729944465901,8
864.6737723022126,1018.3709913692874,8
890.3608046568354,1012.4575033148234,8
871.3913244533414,1008.5376085000458,8
888.3921255345226,1010.640992245728,8
890.4245530397687,1042.2138084870112,8
876.7019412707004,1016.5835718164823,8
877.2541555529771,995.276169290566,8
876.3071279819235,1016.9195811000714,8
874.6440273029749,1005.4044107964019,8
162.10330826053067,526.9361164742005,9
126.9270735538837,493.3106056253313,9
166.52363737683658,493.16842290613005,9
153.969581846002,514.6378701868393,9
187.74539125849026,488.80431057108075,9
176.07544522125127,515.36010259255,9
184.88135728386882,516.5354084892224,9
191.76062955966188,525.2547911655449,9
191.45052999618594,514.1136289733935,9
181.35191190602998,558.6294259733115,9
153.34689061458005,504.63093833839474,9
180.4918844342886,508.42209985404105,9
192.73927260467616,558.1610952547669,9
179.78617850790195,542.7629939277873,9
212.15722477559245,518.0703718121937,9
217.61321391747722,568.1359436229952,9
179.4669639160828,564.4383628826067,9
169.66966157661224,548.1256288038577,9
181.51299411222718,538.6734963016554,9
189.13281710999428,529.9980684008382,9
196.4703576378314,554.3158667089835,9
214.67091388993103,549.9185171104614,9
208.28215293595926,549.3361730260439,9
206.3751180900913,553.7924634428127,9
207.43433865252285,539.4301813242158,9
190.2798679688288,541.5966875573752,9
219.42124756306129,576.0122497463334,9
213.4624846863246,601.5565362562743,9
230.36237485080363,554.0936528434601,9
237.13817936955442,553.8022515350951,9
215.7685222672925,579.6902713098618,9
229.2982941761784,559.2578614886584,9
1229.2980035910261,657.9628787508399,10
1230.4036026188496,668.0364871012495,10
1217.4657744409906,660.7931005443947,10
1246.4244758353182,663.5312058036944,10
1263.4799878412682,673.2107052700956,10
1243.0833229465818,662.012563847043,10
1231.0359797055628,687.2085520994976,10
1262.813124128363,643.5298200751226,10
1259.308521667976,676.6011017569294,10
1244.7250840757558,641.3278228539414,10
1250.866308288768,652.4023807513381,10
1275.0598511548205,635.896947782507,10
1265.7697778466584,658.0326175470196,10
1293.5950655716451,624.3959076564894,10
1275.774338182219,654.416249668223,10
1241.6028302584714,637.709898503908,10
1287.898235767252,635.4783657662664,10
1275.924422343996,635.4373106239367,10
1260.2221873913638,629.824289252087,10
1274.633975399487,651.6556107146407,10
1279.4156881491085,621.5181288302102,10
1292.089485688017,631.8198834591204,10
1286.3637696442386,625.0686886435631,10
1258.8868748798166,648.9074655284793,10
1294.3828703546374,653.0240144861486,10
1314.758586909426,639.2844861247517,10
1253.3135859085069,625.9083314015082,10
1343.1102408773731,626.2413511650703,10
1332.9968016619769,645.6232974623618,10
1301.9061749252173,627.4493733487034,10
1313.303313398713,624.0773071470257,10
1347.3913807347121,617.8165121569509,10
1319.2598589198353,632.2121881297834,10
1317.2491417804888,612.3475007881497,10
1300.9402642290215,616.8140571567816,10
1320.4427706574813,628.8681440686679,10
1306.31248173538,621.8854387429596,10
1347.8543919802246,621.6690902064104,10
1340.6460166616528,618.8130361633093,10
1324.6638097394996,600.6789783359873,10
1335.5540887529903,615.7146181006316,10
1303.237464052568,608.3472132280149,10
1335.4547110081928,639.837487185157,10
1887.8336368573619,509.3929458910677,11
1854.0000245235371,484.9139568386065,11
1886.0732382407273,491.2424667779306,11
1854.987395258431,482.1951646286135,11
1875.2146220012116,483.79043816079087,11
1879.9333456344064,499.0855007578817,11
1882.8258171827558,483.73597033133086,11
1887.7003378134186,494.5129734674391,11
1844.832925814928,477.6141095216892,11
1871.7229486434933,499.51941954813935,11
1863.0590727682015,455.6521992845412,11
1861.382652043583,481.5083016395247,11
1882.3597250282046,487.760605246952,11
1871.5746218928798,471.82753963529404,11
1873.9281757183135,450.4959088662121,11
1865.847016094898,501.2885527340516,11
1850.641796812099,489.6474124168476,11
1882.9277663221574,459.050470092163,11
1844.8950837081286,451.52579254192915,11
1855.9616296158572,498.6611169804133,11
1865.5140494030106,493.6446832904321,11
1860.6074133260463,460.86125958188984,11
1836.5748996585849,470.83973800804034,11
1862.6751021079074,451.5009603056364,11
1849.9959682391109,472.88040080593845,11
1859.5156017151437,461.881777933322,11
1854.2256094025497,489.80500501327555,11
1857.9347904926992,492.3220171547198,11
1840.591996231191,502.513324669847,11
1857.1158528933443,505.26788979938266,11
1845.102389188089,486.47774391221236,11
1838.0095310073152,487.4222100073754,11
1859.5203745901006,496.7199016045034,11
1865.0809310182362,507.15016420358126,11
1816.5273995485672,481.30697561272535,11
1842.7972829873852,492.85923827418156,11
1852.4052654326474,488.9694347529144,11
1837.495221764068,496.1118900558596,11
1848.5030038890438,523.3581649669885,11
1832.2183939785784,479.76194955449245,11
1843.1415462839439,467.8269093335581,11
1831.910097007912,438.11551161754124,11
1834.7761081911228,462.6011775566588,11
1797.3248731772555,467.58450895043677,11
1836.1102850708135,454.62262222442877,11
1835.8735681039573,466.5535037823622,11
1835.7711403311728,448.132694141813,11
1821.109851915101,444.4832457323841,11
1828.0885194337577,423.190363024641,11
1829.1757000545153,443.17469321239713,11
1816.3279161966686,439.8441085049907,11
1806.5431057158505,440.3279678586258,11
1796.807043354306,470.02613725192344,11
193.59866496213468,1241.7244271666452,12
207.57394530817155,1211.3294733352418,12
194.46899510680322,1202.033351461832,12
187.6401705962571,1221.9124744646417,12
189.59502739309352,1201.4886018416103,12
177.0551516427744,1198.0035015979613,12
188.9932522782182,1248.8410159643113,12
187.30383682128166,1198.7392832134328,12
181.64429290540517,1207.5463720156963,12
177.8248912799276,1210.9357063203904,12
200.16969537149689,1172.0740509688485,12
185.33561780946485,1207.0670975478747,12
193.93727608121773,1226.8545878429106,12
176.89043125164093,1193.0792820520378,12
174.57280317745983,1162.3203649849845,12
185.09020489432532,1152.7632533888159,12
188.51411834774822,1178.2672235575585,12
188.17180127471116,1194.5842240490658,12
169.083895697335,1177.8940381275931,12
187.19777732657414,1174.157448839563,12
190.783075734445,1186.180662999733,12
204.32679503030948,1196.1925976885573,12
178.1290495689498,1181.032814794329,12
196.20935366746792,1161.1982753644124,12
189.3015824866154,1199.7598267227306,12
177.4398896793862,1154.87492396416,12
183.99997284921147,1121.8912766427186,12
201.16448449966438,1172.0522860088904,12
176.950752067674,1169.7230012140762,12
213.4155385130698,1169.1793100365517,12
182.30725169699167,1169.5449277606476,12
213.09876820823808,1147.057221847078,12
180.11322439989897,1145.2138481803554,12
193.24702689765311,1132.9017242860061,12
226.55457401386556,1144.5589855914877,12
217.41771264409525,1156.8957882525096,12
213.11235373302256,1139.8803698685736,12
217.61003598253478,1160.2008346888451,12
195.41043270840686,1140.7266882643332,12
199.7795719839589,1130.3510318328063,12
202.8615809647735,1137.444168509497,12
198.2607020015897,1131.7711259545224,12
203.93537453540503,1127.9912711091335,12
208.7227695948286,1135.347080673319,12
218.29511558187426,1089.8419537719967,12
210.78825927103114,1146.9435903812466,12
175.21195565638564,1096.2613240250175,12
216.13629889459543,1072.3248932952995,12
202.8147207257897,1118.9452031904061,12
173.6949371946909,1105.3611838329095,12
228.5988377964167,1112.6278434776755,12
190.02212083353066,1108.0387575999737,12
208.68477932930676,1106.0428478529666,12
182.46598727664644,1109.6179865627591,12
664.4337882485979,1477.5288203665614,13
668.3685494195668,1476.2097922803557,13
647.7869236677687,1459.8630046343092,13
658.06277642907,1469.4950809291329,13
657.8829534266341,1488.7757633250667,13
660.7484201393871,1510.4348174987213,13
670.7327786066514,1508.268706330062,13
656.8450443143907,1489.9084399416697,13
651.3121230494626,1484.4126068863056,13
661.2656631797171,1511.4235438860826,13
658.8970575387442,1504.8085306068579,13
674.0405543845117,1478.4093526410436,13
678.5348078321371,1479.6700552482246,13
676.9285859014385,1499.5688014661926,13
675.1221823021378,1493.150300826278,13
664.1681265882826,1496.894639137413,13
664.4485616546585,1469.7160396050572,13
696.3392157091389,1486.3755723006227,13
654.8887604773766,1475.6790477874217,13
688.4880396056196,1463.7588731846113,13
656.3602146967512,1446.7062605556193,13
662.2968634610827,1460.9480814299443,13
664.5029893762841,1460.198159292517,13
671.6190946663289,1461.5533520366696,13
677.0953904616633,1464.661346471161,13
662.0117129633661,1455.447154383835,13
668.6703418398231,1469.2930868907515,13
712.1425059911572,1473.1152505546909,13
706.6450134903146,1445.0710132492088,13
708.712622844723,1462.8239107298036,13
696.4423576999474,1452.2637932203982,13
747.3769063920075,1440.0540588468598,13
682.0705096790234,1449.2658229195054,13
674.3338619708634,1463.6481006940755,13
689.2833811058504,1433.7846974064819,13
683.1693412550899,1462.729929444899,13
686.2024608675473,1452.9671536394683,13
685.2518110777255,1443.0885059229868,13
666.678280559568,1447.2067311831859,13
661.8460463540903,1489.978095641082,13
688.68082749976,1478.245640358633,13
701.2100286846766,1439.7264263331479,13
664.5563466161295,1453.8114508263307,13
700.9133004945031,1425.0617208100266,13
727.318415981547,1448.2201156570877,13
714.2288822258189,1427.3042094723967,13
689.286814965534,1474.2308381228104,13
697.5288172433857,1457.25310125502,13
704.4044979674918,1451.4323718194025,13
711.8794785790843,1416.960867196815,13
734.8984600202208,1430.7512998846626,13
711.5504483643026,1432.9245397002735,13
713.6249710619494,1435.7133044185173,13
728.8920419858865,1404.4560687304372,13
728.5123506190513,1416.3100669810474,13
704.2767861846892,1401.201367833168,13
722.7286152754855,1428.8792750177963,13
701.4018842986723,1398.0610373560066,13
713.8364553420166,1421.3638839270407,13
727.3056449204685,1407.2019547573914,13
343.15989088040413,1270.8537690918602,14
343.96725491966515,1277.0302986946735,14
327.9758416271051,1281.0508545595676,14
351.6106922215,1269.0032325184375,14
317.41093213823285,1264.1255674977829,14
361.3909585731773,1292.523317444323,14
343.2660997126861,1277.4800036576432,14
337.9522775447121,1271.7573120621844,14
337.20343386513554,1279.6145889636603,14
333.089659426323,1247.025161914123,14
371.308891039798,1276.6036694157506,14
357.28731663495057,1292.3602271505908,14
342.45481487129274,1257.347878052295,14
364.01652813533104,1295.6021028249922,14
319.2987466128954,1298.1208828001322,14
303.07085990539065,1255.890692261738,14
316.89473200337574,1252.745897648706,14
330.5938897958278,1277.927158872015,14
331.9802858675275,1262.0405252020398,14
299.1044614984521,1293.2296312682688,14
285.496505617094,1284.8888255852212,14
328.60769626191745,1269.1033111535826,14
316.1329241968243,1265.9121177988254,14
287.44432693305,1281.5446365338787,14
303.36132055561274,1273.031528710701,14
297.3383840838108,1258.5779791881266,14
299.4235912614573,1262.3527109885463,14
285.07743560246035,1258.105032552014,14
277.3968321470455,1273.6770765718866,14
269.35607430857067,1280.5853646280948,14
309.53196447503444,1261.0599042151293,14
279.02392545178645,1288.4729856346873,14
287.1866878281887,1263.6771002388277,14
258.3033440187036,1278.535298342182,14
281.0463649761544,1264.256432275315,14
292.7823040721122,1269.13211157128,14
300.5064135506192,1269.902943114922,14
287.55352636038776,1278.3792972567976,14
255.47360801506838,1259.4595168246594,14
274.17114662081013,1234.6870171476862,14
237.21791770147726,1256.3339721488564,14
291.0064934854128,1249.024542459807,14
276.2622742099539,1250.534358476732,14
283.0423391811297,1253.5071472329835,14
293.5530513894198,1256.213357055579,14
309.37907302374396,1269.4534224033723,14
297.4104336088449,1235.9199429479308,14
299.7956504492029,1261.6094570659843,14
274.8430024761533,1252.3108165624424,14
1069.8403045773214,780.5449540912665,15
1011.5169282423858,774.3871408053039,15
1049.1528390215983,763.3406051080013,15
1046.812907110663,750.0358592893838,15
1032.0423575035486,776.6336308455944,15
1050.2621633976898,773.9782914289042,15
1015.5255964826607,780.2856293803744,15
1022.5088880386244,762.871262192418,15
1001.4290307579892,798.2367237912831,15
1012.2823631771623,795.3735024224859,15
1009.9621770571725,751.9664818930468,15
1010.1091616019952,749.8070482179508,15
995.5512001525889,765.1505619765371,15
1021.6937454531311,774.8795500760978,15
1006.7400298499889,779.9992909499452,15
1019.1332943565548,777.4483937835718,15
1010.0881520509014,755.1360025409765,15
1032.0134870849422,752.7812237384345,15
1032.1092245339491,782.0453018473544,15
1051.4721787210349,784.6473320659574,15
1023.7697657637134,796.902372134408,15
1046.5577942151403,792.5417486280397,15
1005.7833031316939,823.8146942305628,15
1013.6375978000422,789.3663078229824,15
1042.1156650795292,773.935462349258,15
1035.541409811846,836.2944318349467,15
1018.3305365023897,792.8119961752598,15
1038.5614470385926,796.7696912697013,15
1054.204666599995,810.9491275887399,15
1072.4717255229941,785.488704211089,15
1052.266801214199,815.282923211995,15
1050.7765878303974,808.2714839559034,15
1047.1281673657704,801.5288067063647,15
1051.5046551766295,836.495982977663,15
1049.1529837190778,827.7085716699681,15
1064.184174233364,818.3608002935792,15
1055.5038496566553,796.8291073876956,15
1081.9007538224116,833.1571222701928,15
1062.8707933661292,850.0610830722599,15
1079.4168899479155,837.5841409610016,15
1069.67576901603,860.5332765087842,15
1068.6995443779151,835.7354009576261,15
1061.952299658686,462.6056873167465,16
1094.8185724216687,477.91237440110547,16
1082.139604224114,489.6493669773854,16
1064.5233170097897,478.32327681773,16
1089.0989123951513,476.58480470966504,16
1054.9002276749595,521.6420394305056,16
1099.5830837635556,472.64845259897083,16
1110.4439035696885,485.1682984462984,16
1088.315909664325,473.6698376598041,16
1103.6276222967344,449.0244586995319,16
1088.0475919066657,480.00139912156357,16
1091.078438157565,507.072404591064,16
1135.1989235971819,495.41300671923926,16
1111.132184595911,483.3943065062412,16
1116.494752564795,528.3035646825851,16
1115.3621202909228,501.86391873765535,16
1104.7610482391847,516.4050094631856,16
1137.5166754904176,504.76390193648155,16
1119.662603159077,528.5290100835547,16
1142.539752456543,505.49197563035165,16
1124.7591714622438,507.04423284542275,16
1144.4576816421338,503.3182069209133,16
1138.2000797206817,549.9105494262249,16
1146.9297641804533,532.7998335936901,16
1163.2230662956508,531.3251694762889,16
1164.4286552081367,537.0334752845703,16
1168.0881576837276,525.2738196637606,16
1175.848238555939,533.6725276887436,16
1186.3483640501586,538.2909277848405,16
1173.5690413372445,535.3666265719287,16
1167.1919858348951,517.4153524247124,16
1179.087045232962,525.1272280058989,16
1189.6434455657482,508.7742791388908,16
1172.2585756939907,534.0325438632042,16
1172.4684653369447,484.75110271505974,16
1286.9012348189844,1536.531766386321,17
1293.3005757710005,1546.2344754383766,17
1265.2341819658598,1539.23440225649,17
1259.8213383220075,1519.0652042297716,17
1282.1720175492223,1503.773273814382,17
1277.5551760980545,1527.838265900054,17
1283.6267196296274,1520.2655353881962,17
1308.1962783460294,1535.069534178488,17
1303.830065747264,1552.2300804242327,17
1276.0916831806169,1521.7067607907597,17
1300.5587661972575,1582.4878366197943,17
1309.917943612482,1539.0841102900565,17
1279.5478472247084,1524.4639741355518,17
1324.2385699978101,1546.873856308738,17
1321.085551284688,1545.861912506283,17
1304.0378396348638,1542.1449599740045,17
1312.8310272228564,1574.93762080729,17
1285.1661477450752,1540.6926600981574,17
1321.7004724872331,1535.0716230677174,17
1312.755844735697,1556.001376313881,17
1296.921955537647,1584.037305338232,17
1286.0857031819362,1556.8069850252928,17
1308.7896084836275,1574.8828070067086,17
1302.8759089216744,1599.108404590605,17
1313.6960681001567,1566.227235716838,17
1331.5559555352256,1595.253058928535,17
1308.6114411909302,1563.2797551952658,17
1329.4880136029308,1549.8281454204794,17
1330.147045140381,1615.533259469498,17
1332.4797611803444,1559.3654031942174,17
1354.937658967338,1572.3889908072151,17
1363.7357612890564,1585.071813614935,17
1334.360943552704,1596.7267773848266,17
1339.646534117599,1570.2256522152559,17
1348.838425103204,1590.7299971449856,17
1353.9452146074352,1605.7914251508212,17
1332.696581804813,1563.9514156565306,17
839.2875828367233,331.4752480385961,18
852.7313490446307,313.8384112534635,18
855.8278093288654,338.69238910189995,18
827.7449354788769,330.16930051324636,18
856.164704134243,330.50836286916507,18
867.1906841954041,336.350360201742,18
839.6218774593981,344.97970251726457,18
877.7053921217287,332.5798728864434,18
877.2194382556077,344.90667731193065,18
874.2276979711988,322.8320866853498,18
864.2226847027563,362.27571610716586,18
861.4937230018147,352.7076444237973,18
865.5170784960591,337.9441490961068,18
853.3794679932147,330.00288775055105,18
858.1000684106998,319.9798924283286,18
893.7507975948638,323.4101520386523,18
896.2933258849393,319.17633861166166,18
898.6577935779295,324.1390909994193,18
909.5998167969832,342.90583940916764,18
867.2356191501943,360.1463547438766,18
907.0341830847408,319.9604282763752,18
881.8569741518696,346.7431761756966,18
892.0315245811829,341.05680011418866,18
877.841385167995,338.96648955608487,18
885.1231102928431,318.4650022778646,18
884.0118732554515,355.3120488128143,18
915.0898398213226,369.03858610027294,18
898.1852533363788,343.2754111605714,18
918.9775901133081,356.25037270305967,18
909.6612220724813,309.4258638726469,18
920.5239600024413,350.76125217648234,18
932.7388353992058,320.6357513592924,18
935.6555330124274,342.2133528549287,18
922.7419001017367,321.3712708103682,18
929.550795876609,294.1842181886854,18
943.5976442187651,306.51492413804624,18
893.5338354180134,308.7481382907841,18
900.8779061766586,343.68970446075735,18
921.2374131277804,328.05572197243606,18
902.789008245257,313.9206074762749,18
918.5348409510027,309.88364442632934,18
913.0450537944697,326.8033592692663,18
902.597438561992,360.42267717248734,18
896.3337610965656,328.25451578197277,18
753.4481335890954,868.7655352381197,19
768.2280426468359,848.0464802375221,19
760.9886390954385,857.6390106256089,19
765.6789129805616,837.9342045609784,19
748.5891029178325,875.1379973877381,19
766.4746506397646,839.8232176348671,19
755.6352069194606,839.8483680959826,19
766.7497537629073,841.510039463842,19
778.5073973090227,825.2893092223758,19
765.032869582273,833.3917987087312,19
776.3029096006858,868.0091810873271,19
812.2440463611287,845.6523937616338,19
774.7448090477291,870.0002158328133,19
748.2725650587246,886.398539305562,19
763.3257393154212,900.5684894920854,19
777.8481435641543,882.00620711621,19
766.0803187640086,862.2680402233678,19
787.5444893791426,883.2465228099757,19
752.4046350746735,920.5330771957239,19
755.5245282537393,903.4063638262407,19
751.9380313856116,887.6587165041176,19
735.989346238534,887.4552261162273,19
741.2932150205105,933.1785370391179,19
758.215801045571,916.9283977075573,19
744.0342251831837,903.7149801966353,19
749.988284905499,940.8930000373639,19
759.2321223107176,917.3545188884927,19
744.2742680125156,924.1150263174078,19
753.5959370424611,902.6508784629067,19
748.5575308957459,908.3262121230811,19
725.7298630577565,923.753917697964,19
741.8625510630051,928.1239295542533,19
732.0492223843138,918.4015755744908,19
710.7552489152956,938.8705698394024,19
736.2146899304012,907.3299197041583,19
754.5008747473015,910.8707961270856,19
743.9151597300779,934.5046980381162,19
698.7584990472167,920.8416290429101,19
738.5783528262596,936.5326810599464,19
736.7545639824391,934.562295812378,19
735.6973177214869,896.6987166854591,19
717.8690824597002,937.6649674680245,19
747.0678789393158,923.8171785772619,19
709.911732749579,967.4176070737727,19
747.7865484335709,951.3186911430973,19
734.5930044715876,931.5334366825299,19
733.234006543395,962.5292073026375,19
1404.1129670873477,1531.1830719741756,20
1402.2752604429002,1534.881448809107,20
1419.2224831903902,1539.4835089447733,20
1409.8183097982237,1521.7152077062242,20
1407.1349297502252,1538.331381740993,20
1413.90268463761,1551.7001603225658,20
1409.5976246364228,1541.8256963852305,20
1404.8850559135117,1526.84556174497,20
1411.7009906572653,1549.4870746540491,20
1405.740379055526,1550.454098344266,20
1419.935957223894,1546.2799475391932,20
1398.3905702828151,1545.5988223760355,20
1423.2128365571152,1557.2061730318244,20
1413.1234565137167,1566.6587450697675,20
1411.3508737648478,1552.1485441290506,20
1398.3739763151068,1535.5018999927802,20
1411.2895042962884,1550.0248935405282,20
1433.9080196262541,1589.215732415323,20
1457.3717155011004,1599.774339827593,20
1461.4958844614334,1564.096726026281,20
1467.0406838083602,1531.6577788959203,20
1467.2651655489624,1551.5080587290684,20
1451.448566846056,1529.1040165743436,20
1452.157535289443,1561.2960549984111,20
1427.872049487995,1573.0952592760063,20
1427.3363864626122,1578.181621829614,20
1480.1736753513148,1552.625207021507,20
1472.1191024592615,1558.2475149097372,20
1453.8224089856749,1535.5674874775116,20
1467.7956368549778,1539.4760770078944,20
1465.4201054129796,1566.8497335547952,20
1501.124073410168,1550.0831065213147,20
1481.020021471425,1545.619138358408,20
1472.9470034164478,1524.1857482431012,20
1489.9288067762075,1546.3022618721316,20
1482.2286293588484,1539.3848802675082,20
1487.4755006112678,1534.3396406040972,20
1500.5668224041644,1544.7884872985219,20
1488.8912788567634,1544.149659355077,20
1485.0853304930877,1510.1368861402168,20
1481.09295536757,1526.4443931655399,20
1480.2417980963698,1571.3626595372652,20
1473.9761132054243,1551.412195884708,20
1501.6079429090105,1564.6349042216143,20
1510.0120922426006,1550.5544186238528,20
1522.2102228253543,1543.314115619685,20
1500.137978056529,1556.7990888577656,20
1516.5760271366576,1563.0836397011553,20
1515.5595223525265,1538.3384283657476,20
1491.4991759138509,1565.5210610053791,20
1487.234382446729,1561.531566678413,20
1487.6908297245284,1564.2451569629825,20
518.9119670958149,189.7117782592823,0
50.75295650847056,1587.3564856106198,0
643.7224213785271,1102.765888901591,0
556.421639867227,566.1276306800405,0
340.1344517628424,358.36232284925075,0
1768.0060745205199,666.3581700445868,0
1040.3888551691155,1492.8364045573323,0
1816.8847067627796,235.76182096635588,0
1220.9663148394375,1945.9214483038181,0
598.6304230416981,1850.7893359604202,0
1675.558123039114,207.201516362578,0
1501.075498041835,946.894718812312,0
1945.337318566705,1420.8958976812683,0
379.105512749117,819.5471158460281,0
508.0664204150656,685.2564082741543,0
858.017277237048,57.955620801843025,0
1113.7933709405368,1341.2430065242709,0
135.04228960666208,203.38060538747737,0
178.9808389535559,1761.4914925090582,0
1987.5269543719705,761.7019774924856,0
1883.4955897188327,315.77948082915077,0
373.3922719523839,1213.4727638258098,0
351.6859740790812,1678.3436016361727,0
1510.3714891555924,1162.6224536820362,0
1821.1361088498538,996.1519997519741,0
547.212432740048,813.5629525031545,0
1535.9994562962754,207.6992293827755,0
1826.5225947007486,696.8410450069784,0
605.3437119869071,846.2993535463754,0
378.0001274033407,1604.3577538221339,0
1508.8178178856103,1196.6034685965828,0
1416.698896237472,1895.1669163680156,0
174.40843098648418,56.26647216355241,0
1551.732789799129,566.4020902056773,0
160.83635541629016,426.19548311246126,0
813.6805539799319,134.95478387292326,0
319.41127993906116,1744.9049524817867,0
1739.5185765843892,111.27057453306332,0
922.0060716368343,240.65012963278966,0
1740.6642831695976,1119.3811677381464,0
1678.1570814607217,1488.6322813366735,0
234.14609266689746,221.45055548378733,0
542.0951940220202,952.1096397300553,0
1619.6140101010003,36.12432657113662,0
1253.4322484194674,1223.703179608242,0
729.3387002197627,1735.44404601778,0
1716.320330373043,1779.7579324923843,0
1155.8745580380523,1690.1986372127324,0
817.9199503838989,294.7292782331667,0
839.9266432239749,1382.344711595874,0
763.4788484649063,160.43440611798388,0
1496.047720460649,444.71345835746433,0
433.05465532143273,737.8278163570598,0
1657.206697436373,1846.5409631551665,0
1811.4066001446356,1583.499881227996,0
1180.6148379727194,809.3183287793357,0
1570.484768929206,1252.7872284467655,0
1666.5598909292898,871.6193127375677,0
1571.447789516999,918.9001334809295,0
206.15731164514582,1798.1272022053868,0
659.0362967616661,592.8257053511288,0
1640.6532309809047,913.7730602467204,0
23.756386683606358,736.8722444998594,0
588.3296206248782,1310.68356049482,0
769.8815639681937,974.3242745580189,0
1707.272744079494,1844.0643807795825,0
598.5669707891333,1187.4878080482963,0
1501.7911057634115,709.8017141310111,0
1853.1700978321205,1843.8898333356053,0
1569.6472799528558,1575.1048828290732,0
1504.7372579381638,1175.610359242557,0
1528.3328687469918,1031.8953603564928,0
929.0857988087732,511.35615432145977,0
1686.6631370780083,1211.553776183109,0
1532.926797287103,979.4335017724325,0
1008.051716138258,1631.543860238945,0
66.64118917501094,1417.1435212313131,0
1476.0870639958257,1339.5049599944136,0
1475.4325189766373,200.82923966336773,0
528.4996154603718,588.3812049012569,0
186.75167308169716,359.5202307301808,0
1203.0588988311601,803.6910496430762,0
1454.1524265962705,1732.9627476886833,0
630.6331906464831,786.6497947354165,0
785.1995826257081,1587.29564490238,0
1116.9916354388395,1038.8722551250985,0
959.2424691961538,813.6077966146487,0
1471.5174890792348,547.7012310080913,0
1604.9348888082543,1306.8207587760016,0
619.0901043899055,1439.3683572110356,0
630.2214877238914,1588.3815914810082,0
481.638398018972,488.5509350762702,0
1436.042634058811,4.561743021674669,0
57.11067173519147,580.836217160786,0
1278.6786151283068,910.3272310401886,0
910.4316311150917,1542.6565886089845,0
107.24882934134206,896.9125606968438,0
1035.6681553387382,718.4388383632123,0
745.2575204882363,1835.5180854262799,0
1731.5328962401784,1299.713078157881,0
1476.842705837104,1312.4193131542977,0
653.8986779065099,375.8261437940071,0
1915.6996358382225,1304.4429025768738,0
1540.4422677174643,290.4750464217651,0
870.4696921119227,936.6088301544588,0
71.86677305629208,61.09664423490613,0
1032.1542355859697,1607.2535229188643,0
350.50649418790124,712.5600014945728,0
1769.8807391284677,73.72940680045615,0
1306.8742569444498,68.59529414136878,0
750.8945468949726,1593.3859823823834,0
1074.9793030792985,84.7105059327462,0
492.7602246268146,663.9105739744662,0
1150.3451571294634,415.6129040221894,0
687.6709961838466,280.6692963419395,0
1781.4418086715507,1541.5961154702616,0
808.0569446797059,1360.0259828998592,0
276.5788304722494,1703.2701118765872,0
1033.9226090348404,619.1348508651562,0
93.60532706888635,1407.1372625929032,0
797.7280475688032,314.00008331485327,0
1913.7390540107967,543.7750723699604,0
1936.7617252761147,1576.9704016767103,0
365.4375596163244,1397.5114471751674,0
160.5781507228834,860.9987257160614,0
807.6802756620405,476.76149126975133,0
1768.821639777109,1782.807197864037,0
1254.6938793566535,612.9051185246772,0
1616.3533247967007,1139.0372373720013,0
702.4878171021702,1062.2069037748772,0
350.3445340740763,1060.613163776426,0
783.5075959768802,766.3765568848096,0
496.04324721814066,182.15312805078955,0
1463.8232606370757,1085.4992784217466,0
1517.2979155051842,1941.2694193804568,0
1539.3175429357377,1383.5877420102659,0
14.311209124507895,18.61862440690132,0
1649.0846191401151,702.9380588179472,0
244.62341922916542,204.56443980516158,0
412.82585729179135,1258.297429336919,0
1267.7063054033401,1221.332410887452,0
1277.2877299854915,1624.5536659003928,0
1256.4132572336323,80.97688363363243,0
1629.3206235742705,1782.4127257113125,0
24.25276623680439,1769.4510719068146,0
1816.200956849025,1012.6157341208275,0
445.1522914457444,1483.0486533089718,0
1798.5307630202312,1149.2896579233186,0
1722.2132442823377,1171.5921227315562,0
1650.10988571735,848.5143465529832,0
649.5678956519417,926.0557856777784,0
1121.3183225797584,1843.163231313629,0
236.6047679531751,1028.296013684703,0
22.93452832576781,1169.5400525065709,0
1559.5382132392672,1712.339313151238,0
1293.2829033823898,81.16789902658938,0
1165.437060844071,749.5158487896396,0
935.4191089745178,211.08341183834378,0
1300.8300873214473,530.3395965245969,0
1896.363446723487,505.54193464510024,0
1507.0475333603583,1754.4062650404492,0
1478.9973896451402,399.8089201530346,0
1457.228524490837,1643.9786232171475,0
1850.3498340224257,652.6774356697305,0
1832.6394482169992,568.8722571635052,0
1581.7180562070319,764.7370412339772,0
577.1308373982802,1735.4883479301575,0
1441.4651622821148,1228.3273404973147,0
799.9690432684416,1529.185292147496,0
1531.6443248176743,1086.7031451982843,0
1212.3283780313068,1420.8573044182772,0
874.2907758102356,816.9094873922134,0
592.2388248946393,1039.9361118664553,0
758.5854210668164,37.58858455104552,0
1418.5047322831067,1933.3885848878313,0
705.9219278593291,1289.6442768042734,0
1194.8321850570057,229.88278826202912,0
1297.2358688830525,502.42938430995633,0
1835.4636822600605,1599.899227551168,0
1935.2039100006511,869.4869544840376,0
978.1362221396523,1390.7111752322246,0
1252.764996199271,1773.1829251258891,0
644.3478279202619,600.8623571975373,0
1229.4230597769163,1245.4531482991304,0
1807.934584529746,1509.532302334663,0
262.6599408719661,1150.291353581016,0
1104.7051686145478,828.177751743104,0
606.9685728600964,1801.894237762399,0
1544.395909271984,1599.7678044922166,0
994.0522809093799,1218.8545828319939,0
641.7333160566827,596.829816046994,0
153.26892582725083,110.84582701987888,0
1819.2728881724026,1789.157756461638,0
198.02231360339607,968.5299554478856,0
1572.061558791054,1085.0732175161338,0
1611.204256977746,798.8456390964647,0
1359.8380962317046,1279.7315933261837,0
767.4562154069548,242.54826121620553,0
893.3311334527718,78.08386085090203,0
326.2829094956525,518.7254980800102,0
800.4332291148726,278.2464162830411,0
729.30079337967,1151.635441814612,0
659.8812956500657,1166.8516648195089,0
1810.5979668432276,663.1349383124318,0
382.2842858816482,1704.6856892383498,0
1350.2042690913065,1945.2025160124215,0
626.2225692231431,1806.9397589427413,0
556.4694988820986,682.1174140188319,0
1564.7056654221972,641.0619265144595,0
906.4240642240178,154.54366563213972,0
918.0216020769905,1766.4138245194033,0
703.9692372427355,1813.5838928671656,0
237.36241152597182,736.3781755296778,0
1953.806566559915,1656.1757268507347,0
295.4148033293729,253.25677406129233,0
501.0287525710568,1526.835842883647,0
1817.4407405135723,1252.293814528123,0
1892.6883111182326,37.91486588572401,0
1957.753520234178,720.9148085767283,0
1961.3783859430496,1765.7227934164841,0
1812.4460364753234,1110.1862194596924,0
1602.6370364499064,1205.2806301269418,0
1408.2603914327876,1891.564929753879,0
404.22302514520504,475.48693655126107,0
1959.9020974778348,545.7356799842046,0
1031.5342565353392,1065.049237707944,0
781.808988511781,330.8775677921039,0
1589.0861991372135,66.94329470559013,0
1453.001737278373,1013.7474615257415,0
225.7023535560654,650.6044271337623,0
1755.8483465378192,1487.0648416065148,0
1568.0839540673733,1309.3297054425702,0
1373.6388252589188,1303.875752682499,0
462.28470637640885,445.68595347703564,0
155.55357569759144,1965.510535972897,0
572.7841089796162,1933.9802203090176,0
1982.0547728672782,1585.4695749682328,0
1199.9414943879765,1299.869714436492,0
136.5360646749141,1220.5507893192441,0
43.47112214251014,1312.4151319800703,0
12.092656114133682,1796.6200688136453,0
463.50228085924397,95.58237081759846,0
1261.0327489915792,364.59729332200783,0
1390.0283594733996,651.0099833863816,0
375.70568337837494,359.20626463977754,0
1002.2204585978695,1962.546800395753,0
1300.6416458115132,467.58167192858855,0
1000.2031534005895,1178.230059703728,0
892.2379814507347,1081.3054004622338,0
186.73679986827253,1526.2434316899173,0
1630.017444926963,1435.6729532460818,0
595.7781382568388,1270.8508199371875,0
1231.0088083366547,981.059067519734,0
887.2541605142363,1552.5327153078479,0
642.2212582073498,1413.7483227066014,0
1105.3666181131214,1501.5035252616972,0
880.1646799254041,1228.6003786065407,0
1935.9290794238657,1442.0089396673736,0
1520.33022360562,394.4909344142771,0
1756.9993771478605,336.9819196939934,0
949.8900030651046,1488.2468640611228,0
1879.5218535146073,1477.79492543392,0
504.9175623772,908.8401427512654,0
1076.6357872757285,1438.9977073574157,0
152.73464687658466,735.0407253125286,0
1904.595501854276,567.5075757736121,0
1255.6210204660044,1342.5689446700208,0
854.4390993635196,968.0970306932228,0
1000.1120686668261,1378.969647616709,0
1193.069923712435,894.2273586679446,0
13.02410351189165,298.7889962374344,0
1524.4830145684432,519.8397614097241,0
365.0726539718714,659.8716767176292,0
346.34335129584093,1203.7661374221082,0
765.8009959646084,78.98332452335578,0
968.0770759317778,426.6099895178104,0
968.5168284845596,416.2155944122701,0
1282.2960680313554,28.37827242718194,0
745.5618848864774,357.20126583669344,0
166.59816069821966,725.7243634934745,0
1550.4113527047043,227.35023607384198,0
1839.272589585755,4.255653489457112,0
993.1614209353489,83.13779957190005,0
960.0764146487772,291.45616917388793,0
813.7603356353113,435.5923726023585,0
520.3189754205504,1754.5944571066796,0
948.8670386559244,1785.3602805329665,0
1340.2858704246858,541.2865527722623,0
825.6057057343879,1338.1239404459502,0
1763.8055947513099,843.7272090574635,0
588.2212226645736,507.2857046787296,0
1481.638643266232,989.9573710591134,0
721.0037784077217,1492.1285014062853,0
1961.6812989392135,1043.6976180974816,0
1002.1131787277942,1212.961941168144,0
1790.0826767150731,227.56122306854598,0
789.7316842664153,1106.9822383699657,0
931.7316620342826,1447.2165405864628,0
194.35302404099963,472.30202149927436,0
1019.9320074485703,1867.6977938841803,0
1551.793006082875,789.6938187063573,0
1510.0513541251323,319.1062012720955,0
1585.6266782841533,1449.640355250305,0
1553.5012298751433,1015.0335364852763,0
576.2035669436476,888.1170469723468,0
500.9568247275811,411.6392123102104,0
1454.5491345669166,523.392029310451,0
1039.9571577421661,1339.596284646547,0
1658.814872178831,258.43051414882876,0
1762.6221328280537,775.150513348057,0
1707.383187176344,466.40998441603386,0
1185.959490391942,1626.2562794012256,0
1370.8036773113172,817.4616531538159,0
318.6391111932416,79.09048573589584,0
48.09634013749275,783.3948713918766,0
469.46263760202413,1022.3641927482929,0
335.4777304404848,1531.6654226724518,0
941.3057915888259,1540.8502808251274,0
971.1906893954208,1730.2349032274326,0
1362.1797161500897,157.67191258837966,0
948.0308806833704,930.8134150894425,0
915.8616315626731,856.1067726686231,0
1270.9320875713502,564.0555202538469,0
462.9518545282383,1698.0719305833716,0
1392.803224360158,589.849404070339,0
201.5257880419916,1991.1011582392107,0
481.8855572592946,1511.7368221391575,0
1008.4630647789199,1771.766522114462,0
1661.6769900621807,1828.860329511282,0
1260.6185907589004,742.0010289251248,0
912.254982323826,1686.5146441733996,0
399.09498061842095,830.0218178896988,0
426.78340087143465,1333.4186415126128,0
1479.3588977734191,981.6183441585205,0
1458.9125634045604,941.1033236436799,0
1884.2707945354148,285.21781695404604,0
1977.047022502553,174.9697971732951,0
1196.734826874701,883.7661625489346,0
470.8141122529868,1508.0122633476585,0
702.5848172971006,373.7586762066549,0
177.01478220230382,773.0125504520317,0
390.82337265776215,1736.8479241712057,0
1614.7604988048192,1299.777260386702,0
1017.0001797155228,1456.3465062913383,0
278.56321888631584,1888.0103014996475,0
1051.7969050408058,425.33810917711935,0
635.4852554839714,1707.2494322713137,0
1350.722742318533,787.8260457943873,0
1121.2277110438579,1515.9823739885223,0
1576.993187588039,246.89704914628052,0
1374.1774693808247,1833.260258526982,0
1267.5780932518046,1110.1326447773495,0
1310.4718561850646,1368.1827983530002,0
336.36103637348236,444.25781229436876,0
1631.2687118124577,1124.4643750027542,0
1161.4089550008305,230.96951964752077,0
1975.4455381028313,1090.6803240495549,0
1753.3805987908129,1926.3755755543261,0
1788.7430822808972,1282.5740559898309,0
66.09769837344092,437.0988785099763,0
1778.91784559232,1266.705597447319,0
593.7093247893141,1613.6106159801818,0
1670.9411032012197,1366.822704930969,0
1834.3269959114582,1258.8893115308185,0
866.2699322986151,78.46185708891973,0
176.1263243842357,1758.2706201657566,0
1355.002311695164,1853.596216168905,0
789.7770323462768,943.1584348744934,0
12.28160498905373,403.17325271506354,0
493.109200128903,325.4607803464824,0
1570.7086980911,870.8373805374592,0
1609.1663955717358,623.0528460558138,0
1870.7754815440398,1444.0626844085743,0
1340.213174306009,1616.328177239775,0
835.6924419962828,492.73581297361125,0
1175.7871024495582,415.35763980740217,0
1247.3139568256543,814.3323468911572,0
934.4263896689824,1107.0291400147955,0
1206.473508426912,1060.765095155312,0
757.6812304672185,1124.1389971157007,0
1798.422999881544,1140.6464217234397,0
640.2998383921881,324.39319997647465,0
396.05538556450836,1931.3307896725053,0
1395.6529224428095,1780.9734237015891,0
383.09764877495553,1356.0080804378829,0
1132.770846305373,1619.1350442827627,0
212.68191303372808,1898.688324076196,0
1988.4833239744598,131.4076637587105,0
1477.0077430963136,1661.0153479348496,0
105.51251252340133,743.0688147313757,0
1111.71252114273,405.30810607861747,0
1884.8188862902578,545.3536377411972,0
1009.7706117590324,932.5025771037903,0
1819.8442704429856,1161.1136628980007,0
1675.0925550131003,657.0052115662397,0
458.37765177208877,1431.2762870222034,0
1867.2814681525044,938.9758642192452,0
1127.3734906741008,265.11889314887014,0
912.6920944464463,1132.4173299581435,0
1727.0382172804796,747.2214169934268,0
1256.8906305984815,1578.3740537267142,0
1070.2834586643098,1990.0102247841912,0
1883.8122227907468,1695.4509707873099,0
335.34805425963566,859.5247557748602,0
531.8856814862564,1783.1936059061145,0
1473.8467280582715,983.5053718779405,0
1473.347315280687,1903.0060416992676,0
1736.9652318256376,914.89245822524,0
1340.3141181718302,744.6969765479421,0
1868.172352870739,957.033144870851,0
1848.681210906321,193.67832892195125,0
671.8274823333683,901.0321153889079,0
401.6420740357829,620.9433075706341,0
1688.6367759638638,1146.438263259267,0
895.330969013943,983.335601126436,0
249.3464322335588,1486.935719958362,0
712.0373814469446,715.3680425600273,0
476.93016349618534,472.50268496825896,0
1810.8904736885731,831.6142699626914,0
832.8247050463522,1739.32431259421,0
1838.7321222017952,1015.811731519813,0
1325.3076940179071,121.13882502065732,0
78.41273510586232,411.8124617862242,0
588.3949170683367,761.8566009722155,0
901.3935966729083,85.1781863393346,0
1085.333894494376,989.538026808273,0
1107.8332444950547,1719.6618697476008,0
703.643880564816,884.0154624690455,0
1165.6344973437167,856.3022548825685,0
1569.4230626978904,1078.527077315585,0
926.8234193971709,951.830241794237,0
1600.5452655524787,1043.5486420604832,0
254.21346390981148,1110.4170041794,0
831.7584010968701,961.5339300572006,0
716.5107809068184,1693.0778567279635,0
581.9955074907804,529.5468232849761,0
1283.2721194194405,1169.5269059181455,0
1632.640612559525,1549.2558794885522,0
1559.7504748191905,293.12949680480773,0
1475.1009668240704,1893.435132992736,0
201.80982025883566,30.023860765158172,0
1474.6549541760498,1917.4702033333401,0
1403.423244158929,1595.2967559588226,0
1982.6034877414527,535.929020386663,0
710.2357135451148,1669.5098979734678,0
1322.9564999782492,1055.428647608317,0
1203.7462537577194,1328.4643620735287,0
49.2355867021339,638.7350889953127,0
1195.4345786772544,413.9192583021212,0
1124.9387733515846,352.26527134831366,0
455.4119779372805,1794.639180217582,0
19.46605882530261,407.19816644850096,0
549.1227502898663,735.6503454904266,0
511.9923245205589,898.5688781338115,0
552.169402338337,451.95694731872413,0
1333.8200751161517,675.179819567026,0
245.38508667473158,1375.4576258255713,0
589.7812525462947,203.27461360234156,0
778.5485446053331,1308.4550453666502,0
836.7539406392536,365.5047226817967,0
115.81311444974985,823.0078011790815,0
947.513089652742,1875.1866495424858,0
1335.924759724797,1724.2288285326588,0
1333.4784951012596,572.9019388887461,0
1452.6038803824551,13.424359155029375,0
1589.9690410970709,768.8439813207304,0
747.9827395531087,1429.4807561059877,0
1160.422083100114,974.8087905148561,0
1643.4690374372021,1137.1227270278919,0
411.209992628929,1961.4516545886754,0
1951.7408420469549,894.7183855473984,0
1248.5173906137009,1012.6509692941157,0
1001.5982818000641,984.838971212227,0
836.4467024228626,1597.324436365467,0
799.7684650359946,396.43452382466717,0
967.1693578287086,648.8280443490972,0
265.54666096504786,1816.067340942153,0
81.75049551639458,643.0855810603396,0
1282.7887556821495,853.3209733685832,0
349.8776347793373,1130.503198466454,0
490.0274465572529,1642.6136383949602,0
410.2769792417973,1751.4994713630606,0
1814.972145149896,1852.9810496139191,0
1555.8508704169476,757.7242108548683,0
1918.9578343711798,1474.864742308167,0
738.4184882377931,1878.8479140343643,0
329.37005472244294,758.1577854233368,0
1441.267847763672,1453.2279887038535,0
1225.566881157555,1108.185733373433,0
309.58374627485387,361.6624254088177,0
601.5828664795353,321.44149314353166,0
1106.15025292306,1942.299667155708,0
28.804043358863662,1823.3546082405012,0
1882.6909066060534,452.3096195141978,0
241.6310231483898,401.81830538872987,0
1224.0915433739785,840.9222761539295,0
170.03551136327587,371.9649627710233,0
1830.7933741186614,1511.5819299908173,0
1526.6900750941174,1966.2233895908591,0
303.2073028688955,43.246218302823266,0
1280.4254269189441,1098.634824791707,0
1996.5656759489634,1435.8793578626232,0
1562.3127023745524,1801.8876328253077,0
808.3848798695732,1352.4545482484789,0
1416.7892878293812,1791.0680720136845,0
44.61788568569891,1951.8161487063464,0
509.5020615699135,913.9597798440025,0
443.0826973439268,1592.4065662059625,0
996.8652609408488,101.84084098643132,0
1961.863175842614,1022.8869503853864,0
604.9232854644968,1693.0408001317535,0
1977.5729433273364,1411.263237495122,0
422.1962127773173,856.4611226469501,0
636.2906712796879,1747.6640718204142,0
1862.546807054649,1630.204398738621,0
1135.634125945031,1492.1533536813474,0
427.824579067501,1993.0129455412912,0
1714.9483644379554,1350.6492889143176,0
1983.8744780547283,1355.6497902441831,0
300.515016844743,295.70874926595536,0
16.55565573450435,591.722254291368,0
37.42647109456843,642.3873270611251,0
354.06089937031913,373.0465427295493,0
1028.10668981623,1623.3243005552517,0
726.1736203009763,1026.5202179176881,0
770.1271011714879,952.2858470698101,0
677.083032210271,1827.8680635684068,0
1068.7622158304912,438.7529495049072,0
1519.9189545329652,591.0565123734683,0
1862.678312153552,996.7358254590953,0
512.4292832451436,1257.7288312238243,0
1086.541026245333,143.40375498663582,0
1869.8914976761057,1080.4793447588333,0
626.6988258881696,44.87156734740627,0
873.78312687284,671.0158215183526,0
1577.2759241053259,1068.01189119186,0
487.3203467314746,1489.426232166661,0
669.8569033104598,353.56108438626956,0
1540.1694450448254,1920.2460049285146,0
69.99702141649689,1442.8073085275416,0
1442.6502972407918,1385.2448608432994,0
283.68950065852385,885.5212425784226,0
1232.3478076600113,734.0357739930619,0
528.367560883443,1164.1421204986982,0
1036.5163506125214,1377.9240884692854,0
1971.1765167529788,1923.0984093102277,0
234.59791901536997,1116.475093558163,0
397.96802496785455,645.3413559421131,0
1310.4469073609225,687.7142859778855,0
307.616370799777,583.7555066629343,0
1001.9823841895221,864.6450034212507,0
913.6883493685906,398.46138642394436,0
1687.2142753999908,8.480627437619681,0
1598.6310294369305,129.1245971963686,0
1827.8394165508696,1816.8093911275848,0
798.7081351168185,1426.8872127385873,0
1710.689369045249,762.5734804717208,0
152.1637088368659,777.1272758638405,0
1667.0178579962449,540.6669731937068,0
235.1227275649179,1218.611861249243,0
372.09796290797124,1353.7265514684157,0
352.8270638604773,868.5724320311672,0
1657.8276111125417,1424.1636248902475,0
902.6849937041605,1298.842594308203,0
1474.5975893534637,608.1545038911385,0
1734.7151153124903,1716.3222823326155,0
861.5937432412157,1309.9770752285447,0
267.9096057423993,1187.7959605691035,0
1882.1827729350362,380.0870650994537,0
1754.3784649857162,1900.4904595836904,0
955.693984532118,505.3183239901249,0
1560.2175006643538,1969.4471402628274,0
1610.9744676368912,424.99011458434313,0
1795.1749007498909,1890.2372406327809,0
1232.0582399532848,384.6684378676275,0
467.59891287443224,1332.4990341348746,0
1876.9550848423246,23.279012551252755,0
250.19032611923376,1158.1957585978307,0
1571.0836605497163,854.4049175773494,0
66.93934905100019,1255.0600028961435,0
1917.1989484966819,1649.7311340931726,0
530.7614569528603,1006.1193848657585,0
1231.0654336227562,1297.0065816760925,0
1811.405050870477,80.40264782710538,0
50.38867375223077,270.6087502346608,0
1323.5771327802124,1253.6865221205496,0
1966.1458001940737,1183.4259623830317,0
1897.40361003183,871.8435002663567,0
58.89133864637542,1398.4102491988124,0
1953.3632645688958,719.6931877964514,0
766.3915441210949,712.382459551612,0
1619.5040314868088,2.1523700186487638,0
442.3044870012263,1862.7256594026685,0
226.96857845343698,1275.509734655798,0
1804.0516454878266,593.3490940417892,0
1138.210621656158,1351.055545061813,0
1226.0462401077996,1548.576995063783,0
1157.3742039267263,362.28404419432735,0
216.30408666997104,1476.2013712363134,0
945.9278907259494,400.2939115485555,0
336.9721754944808,974.2284191831154,0
578.1457222567983,363.0813543042346,0
1343.698245840435,445.4301977009514,0
1625.4563054313367,1480.4207969782497,0
1804.3736118309698,304.09080483853535,0
1518.068508516228,1135.953700420596,0
20.202383600413043,1226.1810563698873,0
1578.8340163796572,1578.5700505961004,0
1821.4870022774087,1652.5652725374002,0
522.5411888899505,1898.7054855777144,0
123.17925584259038,1612.9492950014685,0
521.538121272139,1638.047938047668,0
1698.5790210473851,1182.1865617027665,0
572.2561860835999,989.4598951687655,0
657.3171322277572,1249.2333836476191,0
110.82951594262491,297.21429291574395,0
1166.4195770324495,170.91850689107014,0
414.5186199545223,1296.7118259758875,0
1822.5449823232,1424.3236199277574,0
1355.488909127717,1878.0646045779436,0
699.7787840536869,804.4603966562802,0
262.6811761974652,1199.7755701800222,0
1887.2550963734525,53.852510311007684,0
1087.233062903119,598.1830449870118,0
164.64041219529358,237.83828988902235,0
890.9871339065485,1757.9008970768298,0
550.5309194612555,1475.6446457869195,0
403.74366259386665,1168.496503414128,0
1848.8570141579512,1463.5375031168956,0
1448.047481976826,943.8662600746081,0
179.22073782035253,608.7917536373321,0
1467.3866382789868,1879.5880776445542,0
508.897823309282,14.276961397320376,0
987.9916948801203,226.40031931199744,0
1324.3345019649878,1020.816617969102,0
1028.0344781121585,1822.1857287887867,0
67.18833728348939,292.71892062640006,0
948.3025090016262,305.8923421075441,0
1568.9854161492121,299.26755791970993,0
1529.7163550120792,1789.1109713715869,0
1523.750222987205,820.3300193274265,0
636.4551240776976,1828.1967619877767,0
705.1347739629408,466.88114364523517,0
948.7383589201111,1006.5563473729397,0
754.8418700541042,756.1358294753846,0
1392.9145812924419,1842.8950118849625,0
994.1043612866396,1675.664572645263,0
362.05996425074784,188.3169535434921,0
1646.0873986787458,837.5743466553047,0
1247.4964328893689,1561.9661581020578,0
1133.2035394827606,1677.395655303468,0
137.0069860461629,1931.3170258147898,0
531.2779293362693,1673.1004672474528,0
1303.4299240195044,258.45099961130535,0
514.8688861261734,1998.6814469131994,0
1988.0505239584131,1032.915118814481,0
1968.2248614420512,805.6563263182304,0
204.58314479972262,367.5267108458422,0
370.91031903910255,141.94517532807737,0
964.7469767270031,108.4072394127824,0
1373.9029399265894,1476.6554138472654,0
520.0976395950249,705.5155915401965,0
1761.944834181326,1606.6785858753371,0
1956.1370127603343,1065.9050082761605,0
165.2254698850282,403.7521169303684,0
1062.8019452744254,448.5301266491586,0
181.32920829900345,114.76673819180317,0
513.3863636372973,1753.7785163253718,0
1890.6676812965716,1116.5652940804027,0
1502.3425658976819,1337.9559033506557,0
240.96335070368923,1618.1148824563195,0
1135.8331040184742,1243.0325811848872,0
1240.2579353265169,1295.979969151975,0
1532.573966869599,1492.8743313830678,0
1194.8272663670266,751.4435503702094,0
60.57273614571912,1069.1342442977257,0
801.2231151958316,470.7877023797833,0
1659.1032217896227,1875.5272008922962,0
634.6741693594855,1684.2969205106062,0
1028.8116684509848,965.9030621189679,0
1116.0645136031992,1609.0607678986505,0
1475.7733991266718,343.7916489921833,0
80.10905196470031,1682.6297607378642,0
310.167552115032,508.029745418769,0
819.170355897127,1855.6429833490881,0
1585.9542610715773,200.0096194800114,0
831.1667201294899,690.7585161893601,0
144.71143593894942,175.28995102736377,0
1100.497195073176,136.679770923509,0
1823.0087107716433,583.2430161108308,0
87.14945737522628,1285.823539355463,0
1240.3507785869604,1990.6458668911903,0
1402.487632442629,1429.2019655260929,0
926.6894423524527,186.53605356009683,0
723.9818178032351,633.3440752584769,0
1925.5772948477916,877.546942015419,0
1099.784269366925,295.2902588432367,0
1367.277241714334,1128.8092092639858,0
1263.6984775071066,1072.9576770175736,0
649.6729117334004,775.8705622719033,0
1888.3760851374416,322.769955677064,0
753.0023072426584,647.4627593470517,0
1313.277689015511,1227.7959997825117,0
913.8131700671936,769.7043510698769,0
1664.68606431174,1144.5261285315978,0
934.8060143096917,484.70924129724403,0
596.5047385770832,920.4437757384147,0
180.86483621016703,621.9171014985794,0
1588.8194108348446,1708.5235229204418,0
1102.1428535625832,1171.8082375180982,0
876.2828412450637,1582.5352233052704,0
1756.727678492866,719.7350161898069,0
1965.9709132505152,666.8894650470669,0
840.4572272418691,505.9753784429859,0
85.56074405815318,1281.2549090772427,0
1751.1025581729266,118.54301623390117,0
732.8860789729268,117.11006073474661,0
75.7319697315979,1769.8470003779248,0
293.105340514848,1507.6293875721508,0
367.2025299682389,1006.0195700179584,0
831.9656772089785,820.5224285176613,0
703.6913841122898,310.931250624072,0
1468.589245685197,733.1725290539986,0
701.4715740997011,736.8518695027554,0
954.5273767862659,830.8622047892391,0
1428.9571063798264,230.73571692395456,0
428.39088251283596,1714.7104860042043,0
446.103733494279,1413.050656048786,0
4.239430863280713,1074.9354744941802,0
1227.6178788351656,262.3207321400185,0
830.7044127728369,1901.538612746118,0
1173.0427569360543,1533.115553908108,0
1357.214830855326,898.2331844967632,0
103.0166268912922,1625.7162030502457,0
368.58717281927665,1511.314868734547,0
294.90396978309616,136.29451666580584,0
1448.1582394322054,596.4713397580525,0
1488.9399084457011,1869.483255532747,0
639.9024526466501,1941.8051733553966,0
628.6502157696858,1507.6057356688937,0
1247.2780547975703,220.48219745612286,0
159.63910612273713,1414.4873166428106,0
79.80812707982699,1884.700041067317,0
533.8053953994222,1152.1247969883084,0
1502.8506149527846,1498.274065259175,0
1227.1748320066308,288.91903144045926,0
1544.6815104773495,1065.3350100255095,0
198.79989245727515,1752.2736941386001,0
1889.3670052409195,675.9062470183582,0
657.5453629284838,1068.942655686186,0
1224.8034529882789,568.5174084174762,0
329.8464840782871,781.5675474202335,0
633.6542476199154,641.7142435931003,0
1748.4119552347752,1038.8318250298912,0
1207.715728404961,1216.1255256407535,0
1529.8143797196014,87.43280685957866,0
1928.9065238051921,1895.6731600721384,0
934.8915597384793,1216.1907262535613,0
395.13242294258475,502.09274904236923,0
1877.2336615567133,5.1494317212437135,0
1184.9021107327344,1601.1781467565177,0
86.20508597138831,625.8483498129879,0
513.8364211235266,1828.54465928614,0
1296.700121408297,686.628196113451,0
960.4934629933779,572.3521822421056,0
1910.9412667732163,79.01173325422705,0
1919.6340418590903,296.97395994781164,0
488.81165778954096,1600.3739212243993,0
296.4709045985581,538.7009185532037,0
309.7471108138814,777.771965624041,0
991.3802753306664,1194.665211063873,0
525.6354249868509,681.8070682229816,0
128.9068574011032,796.0858816508813,0
942.0066647739931,257.17660070648,0
401.2200213827215,1770.233934693318,0
133.22434558427076,1184.167711069759,0
981.9370506365384,767.8591684361902,0
702.4086893237271,190.6228222889821,0
1444.5262253584583,656.3441631263216,0
882.2105941612397,1082.6847168008603,0
508.50541264612036,386.43124312021615,0
25.08641492077457,586.2509101632974,0
1072.3169314115833,406.5152961946383,0
1819.4317398682501,1528.7142438243393,0
1789.4268487080033,1418.548687241947,0
1211.4622505296193,111.34335246130944,0
1541.2458390155175,1464.7153317724387,0
967.0149334711438,510.0634957526469,0
3.075881331972008,1040.9088197305284,0
471.65571628633904,682.4896649714633,0
1258.3740362923345,1632.456365446488,0
622.1375010137307,350.671737943042,0
1200.426339927835,444.77353297069124,0
115.43938266656606,1322.793268543896,0
1451.6860649007933,154.17900121362703,0
774.7298487140863,1805.851300028507,0
1638.9342186579001,1550.8000952624996,0
1607.063757163712,330.5948970168995,0
595.4479856029673,1276.8519459400545,0
586.9499358243008,1652.48528704644,0
1716.5840735389884,835.9605234658918,0
1835.2333419992442,1781.4141520666515,0
5.457712403113657,787.3663927205456,0
1121.4920123199508,1903.3328874548042,0
1299.1266478523364,460.0844399481867,0
516.5595139419332,1115.4208336914287,0
1749.1984766183837,1170.8261266625113,0
1219.5935164223797,1412.894185394715,0
1753.00905662503,1208.5459807695154,0
1981.3922603446204,1741.9843601913772,0
730.6816937204732,195.74829331790488,0
1510.026906450933,265.1604454074665,0
362.93763937780324,1867.7741353150689,0
923.9065091802216,1737.1877438212628,0
958.563047333262,1851.7965294265985,0
1589.7430813423234,1659.2327437752783,0
1931.886867175007,371.98962023054594,0
518.5808965496051,1089.7091693809184,0
1343.4965593448012,37.80467987001934,0
1237.6818920063156,949.8778172660334,0
523.9387971858656,1339.5363788266868,0
1673.0522207429474,496.13225669270224,0
1034.4742492835092,548.3663825422449,0
1650.0188762505702,779.6171261183578,0
66.04029011747858,1667.2818544746694,0
1883.4344784216657,1509.2614553150595,0
1247.0697040540922,736.0218579692246,0
1576.3875986858152,1974.9524706765576,0
1277.582404414273,1717.732572271095,0
1654.6021436002934,1220.5369341196783,0
243.28691832363725,1883.7628195825093,0
603.0165146596131,376.2506104483243,0
1906.720748651425,1026.2716144436727,0
1227.669010761669,417.6817828498434,0
288.1500765565177,1456.533980781818,0
16.537924490139133,1963.3550335315435,0
608.5439269786506,903.8008657027294,0
361.1000702789111,105.3167105402526,0
274.5101416337563,659.7417347801993,0
1964.4927146959922,1918.7351230947904,0
1246.1277172939851,952.7946241490928,0
26.200813823224365,1028.7473892454552,0
291.8659530505505,1799.6689001655764,0
1342.5291405071473,430.8625619332473,0
79.87156245984495,805.5397893848981,0
859.202973044765,273.9758835634736,0
1465.9430476100706,1169.9041033244746,0
1836.8341780046205,1205.1121793323082,0
1982.626776175644,1187.8771047528585,0
1782.333415131657,521.477945442765,0
1005.2436416755701,1992.2326801367826,0
1408.2504645422673,1639.7440262177697,0
1766.3964693503221,1327.6366851240941,0
683.000871284389,1404.955598331791,0
1849.873293999995,751.0953912846436,0
464.8409514083522,1579.0872303739561,0
232.1207827577525,1760.8965804028076,0
570.1337159268271,1749.9151431145015,0
1925.7012603076162,1053.0159704666921,0
1044.472296642959,1147.790974457055,0
6.43435922477531,426.9864813692721,0
275.8396477742706,987.6453190586607,0
1245.728233382412,844.4439985045136,0
1361.274274437581,1524.1621302228393,0
1880.5485601845878,138.64165648501702,0
817.9958469894533,340.50683822705355,0
618.1587688662916,44.09035691073782,0
1275.0894073060804,1011.4195031508375,0
1241.1880121414783,1364.3891726008053,0
1789.5783239794182,422.64159198020224,0
719.5648460213762,881.0768825367575,0
524.7828889184727,754.4084979664012,0
1082.4697182581979,1673.6060792707808,0
75.57175716681752,1722.0264105157908,0
871.1269911343331,882.7393572923559,0
858.2356269392591,1009.3777100748507,0
570.3271031788306,1876.1456217243804,0
490.99588628795067,289.0289988221657,0
1665.3824821762503,1341.3078568960132,0
1457.8610815699321,983.1581016768909,0
1329.557377566238,213.1778920693541,0
1739.4697144260042,1092.8028197570268,0
278.3843094522929,1567.1645860230926,0
1144.7108873247437,822.1077345558372,0
1451.845177038524,1893.4251120005788,0
1101.3458445460712,860.0551281679483,0
102.65610426963634,1828.5789742781933,0
1416.1112526894924,556.751745867967,0
216.35358611399204,409.7394588820602,0
195.86838533971894,1630.347842225851,0
849.2837926021832,939.8311708920323,0
578.4707651833385,1038.5713736686232,0
734.5083921711853,1350.4958573915342,0
1487.0384868460678,1128.1404264758169,0
605.9485638174817,871.9473774735546,0
1910.345868058286,1952.277439141901,0
486.2475356723177,236.74060365838568,0
1705.7740973737816,1846.079436383705,0
1549.9115738078917,1287.7438323817928,0
16.883636868955996,1521.9440857151628,0
1644.5313453903284,1932.4611273725989,0
1214.1143687091633,279.48722827384984,0
1109.3214086834048,346.51134680743013,0
635.3623410682949,1877.0677670738467,0
1710.5671145736908,130.1632242134061,0
1190.1619062398754,603.6680726463637,0
57.92652500900086,323.06817358616,0
1973.0004103989086,930.2816430962191,0
475.3302356058122,770.8166961722458,0
1533.0748349513901,1824.34008488933,0
1011.9939220013476,1815.5780961147677,0
1597.6687160529923,1268.3408541558533,0
1875.1707315438714,1220.594301019353,0
587.4812255952717,1857.4571278337291,0
900.034044509849,403.47906635551743,0
302.01544458697805,771.686058327098,0
473.4120187525932,1392.1826948187854,0
220.93176720606422,268.1292966282387,0
1688.0423044046001,824.7548570242647,0
157.84231275406913,177.03014151571116,0
235.58159362821996,674.079414936944,0
88.96678254258683,423.6844595063769,0
791.9580254200513,1958.7643655710933,0
595.0619434910637,837.0240761487855,0
1289.8164692084165,1970.8832030264227,0
554.3083142354233,831.1949794108505,0
9.304677189115429,720.4345656303657,0
586.5570805817608,1698.5167996402567,0
1333.0986681325735,1821.0881310348389,0
47.22235790066986,1512.0149270377697,0
1683.9672350515352,1470.281836679067,0
244.88411640198458,1150.5437185294795,0
247.73931429783235,1860.3422294020277,0
1465.0907148693202,351.07879144975306,0
1577.6132117360494,395.2756788865468,0
414.9464974061514,148.4456012056603,0
272.98337348773225,1734.6301912193298,0
603.4275210882524,1140.0517203846719,0
810.0624532682732,1029.2770911124023,0
1502.066029797372,565.1165618010821,0
784.2942970457989,1211.824354852002,0
430.45143169868317,438.5282034566258,0
1126.8086783782112,248.63539509200038,0
648.8919116626408,1089.8725424688023,0
1776.2383651205437,1303.6360910413039,0
133.19498920018512,804.9941042766861,0
458.22222264315315,898.8739262460676,0
1487.7247257204144,642.1652710773624,0
881.0065770274254,1301.4377622859658,0
1542.744310567637,952.7921006947242,0
1953.654516684935,405.6517526064216,0
1456.6008047640719,359.18327931924756,0
969.9495728627754,182.25107485800086,0
418.49198668245305,1289.986321925386,0
1334.9916839897146,1952.844885618452,0
743.9817934248165,748.7944826422714,0
1416.7285351357978,1977.253422315638,0
1344.761596910044,1529.2025460558782,0
1066.7282531699875,1695.2639529160995,0
1537.2642454136944,1556.003081671354,0
209.10822462419355,222.78040611674353,0
1294.9802053939334,1014.6502599434441,0
292.6041514314006,423.67545048016717,0
1773.175083555526,657.8878695153121,0
915.0932791266911,17.04576735265073,0
1896.0593137322107,350.2920471734661,0
1233.0076914077124,1226.5856530558528,0
488.0279965678638,1363.4099800633621,0
1129.5836653216995,1983.0355080401328,0
1903.6822629272942,1022.8258257827996,0
581.6926989910456,404.2057906374905,0
1408.2128858704934,75.23065377344973,0
1444.971118100725,1431.7997364588828,0
1403.9344516073782,966.8131937071163,0
1905.7696363915477,1158.0396951141254,0
263.93838401887825,993.1010016116537,0
1595.551689700542,330.7019351611802,0
1119.5914598588834,1663.9139535117743,0
748.6924425693444,48.44343447631449,0
815.4148916371038,95.97971398768212,0
567.7166585311784,1009.8903252151488,0
1598.7007402361403,1296.662549350778,0
478.77981744948795,1703.1118626132195,0
1880.5680676520255,66.35095756842956,0
1740.194510876114,68.01861703646384,0
773.6838773779789,222.35916712750736,0
653.6638401341066,1022.3331825434077,0
289.54639975347106,1521.5019245921608,0
1546.2058776887563,1523.6841787589296,0
1174.5350386197338,892.5893322488349,0
328.98701767811,349.76348004372346,0
612.3354572190456,563.2742794378114,0
1067.8802256530882,444.90507438571905,0
274.30467926119627,1528.5854595348821,0
1659.8509671233164,1257.7218549105094,0
1893.4999728782225,1463.9158036648334,0
990.6480651190494,316.51070007807846,0
1574.9020640560118,832.5010592445718,0
1678.8225707022339,1260.296055192467,0
518.0278036877856,1876.3450375783877,0
